{
  "status": "watching",
  "entry_zone": 0.029,
  "sl": 0.0275,
  "tp": 0.035,
  "leverage": 2,
  "portfolio_pct": 0.02,
  "triggered": false,
  "fill_price": null,
  "fill_time": null,
  "last_check": "2026-03-03T15:52:34.246693+00:00",
  "eth_price": 1967.15,
  "btc_price": 67714.5,
  "current_ratio": 0.029050646464198953
}