{
  "lastChecks": {
    "rsi": 1772360092.930134,
    "github_ci": 0
  },
  "lastRSICheck": 1772349294.181516
}